{"cameraMode":{"drawMode":0,"name":"Shaded","section":"Shading Mode"},"sceneLighting":false,"audioPlay":false,"sceneViewState":{"showFog":true,"showMaterialUpdate":false,"showSkybox":false,"showFlares":true,"showImageEffects":true,"showParticleSystems":true},"in2DMode":false,"pivot":{"x":-6.702298164367676,"y":3.306697368621826,"z":0.9733960628509522},"rotation":{"x":0.22069238126277924,"y":-0.5908675193786621,"z":0.17234718799591065,"w":0.7566206455230713},"size":2.802691698074341,"orthographic":false}