{"cameraMode":{"drawMode":0,"name":"Shaded","section":"Shading Mode"},"sceneLighting":false,"audioPlay":false,"sceneViewState":{"showFog":true,"showMaterialUpdate":false,"showSkybox":false,"showFlares":true,"showImageEffects":true,"showParticleSystems":true},"in2DMode":false,"pivot":{"x":-0.020773906260728837,"y":-0.01247018575668335,"z":0.025719573721289636},"rotation":{"x":0.3555319905281067,"y":0.35221821069717409,"z":-0.14676401019096375,"w":0.8532317876815796},"size":0.04795683175325394,"orthographic":false}