{"cameraMode":{"drawMode":0,"name":"Shaded","section":"Shading Mode"},"sceneLighting":true,"audioPlay":false,"sceneViewState":{"showFog":true,"showMaterialUpdate":false,"showSkybox":true,"showFlares":true,"showImageEffects":true,"showParticleSystems":true},"in2DMode":false,"pivot":{"x":-7.726408958435059,"y":-3.4983205795288088,"z":5.224309921264648},"rotation":{"x":-0.30307134985923769,"y":-0.08901868015527725,"z":0.028442872688174249,"w":-0.9483833909034729},"size":4.825146675109863,"orthographic":false}