{"cameraMode":{"drawMode":0,"name":"Shaded","section":"Shading Mode"},"sceneLighting":false,"audioPlay":false,"sceneViewState":{"showFog":true,"showMaterialUpdate":false,"showSkybox":false,"showFlares":true,"showImageEffects":true,"showParticleSystems":true},"in2DMode":false,"pivot":{"x":-0.009146057069301606,"y":-0.0010413601994514466,"z":0.003584271529689431},"rotation":{"x":-0.21633097529411317,"y":0.6863276362419128,"z":-0.22615501284599305,"w":-0.6565139293670654},"size":0.04795683175325394,"orthographic":false}