{"cameraMode":{"drawMode":0,"name":"Shaded","section":"Shading Mode"},"sceneLighting":false,"audioPlay":false,"sceneViewState":{"showFog":true,"showMaterialUpdate":false,"showSkybox":false,"showFlares":true,"showImageEffects":true,"showParticleSystems":true},"in2DMode":false,"pivot":{"x":3.306018352508545,"y":0.7431271076202393,"z":-1.2281720638275147},"rotation":{"x":-0.1546911746263504,"y":-0.7375136017799377,"z":0.18048126995563508,"w":-0.6321226954460144},"size":2.081300735473633,"orthographic":false}