{"cameraMode":{"drawMode":0,"name":"Shaded","section":"Shading Mode"},"sceneLighting":false,"audioPlay":false,"sceneViewState":{"showFog":true,"showMaterialUpdate":false,"showSkybox":false,"showFlares":true,"showImageEffects":true,"showParticleSystems":true},"in2DMode":false,"pivot":{"x":-0.009146057069301606,"y":-0.0010413601994514466,"z":0.003584272228181362},"rotation":{"x":-0.020856302231550218,"y":-0.5750544667243958,"z":-0.014667263254523278,"w":0.8177205324172974},"size":0.09495943784713745,"orthographic":true}