{"cameraMode":{"drawMode":0,"name":"Shaded","section":"Shading Mode"},"sceneLighting":false,"audioPlay":false,"sceneViewState":{"showFog":true,"showMaterialUpdate":false,"showSkybox":true,"showFlares":true,"showImageEffects":true,"showParticleSystems":true},"in2DMode":false,"pivot":{"x":-24.88200569152832,"y":-17.139568328857423,"z":7.1031293869018559},"rotation":{"x":0.02847547084093094,"y":0.8500606417655945,"z":-0.5238818526268005,"w":0.04620467498898506},"size":16.325538635253908,"orthographic":false}