{"cameraMode":{"drawMode":0,"name":"Shaded","section":"Shading Mode"},"sceneLighting":false,"audioPlay":false,"sceneViewState":{"showFog":true,"showMaterialUpdate":false,"showSkybox":false,"showFlares":true,"showImageEffects":true,"showParticleSystems":true},"in2DMode":false,"pivot":{"x":7.026226997375488,"y":-0.6355490684509277,"z":-1.0130409002304078},"rotation":{"x":-0.005556717049330473,"y":0.9630807042121887,"z":-0.26841774582862856,"w":-0.019937587901949884},"size":1.7448925971984864,"orthographic":false}