{"cameraMode":{"drawMode":0,"name":"Shaded","section":"Shading Mode"},"sceneLighting":false,"audioPlay":false,"sceneViewState":{"showFog":true,"showMaterialUpdate":false,"showSkybox":false,"showFlares":true,"showImageEffects":true,"showParticleSystems":true},"in2DMode":false,"pivot":{"x":-11.634671211242676,"y":0.404585063457489,"z":1.551330327987671},"rotation":{"x":-0.14935043454170228,"y":0.4750843048095703,"z":-0.08219222724437714,"w":-0.8632705807685852},"size":0.21024367213249207,"orthographic":false}