{"cameraMode":{"drawMode":0,"name":"Shaded","section":"Shading Mode"},"sceneLighting":false,"audioPlay":false,"sceneViewState":{"showFog":true,"showMaterialUpdate":false,"showSkybox":false,"showFlares":true,"showImageEffects":true,"showParticleSystems":true},"in2DMode":false,"pivot":{"x":7.550000190734863,"y":0.7304514646530151,"z":0.8365452885627747},"rotation":{"x":-0.1748185157775879,"y":0.39674317836761477,"z":-0.0772523507475853,"w":-0.8978131413459778},"size":0.43433448672294619,"orthographic":false}